date,CPI,INDPRO,Inflation_YoY,Growth_YoY,Inflation_Delta,Growth_Delta,Regime
1971-04-01,40.1,37.6735,0.04155844155844157,-0.003952621420828639,-0.01121200699037117,0.007088363134952647,Goldilocks
1971-05-01,40.3,37.8646,0.04404145077720201,0.002268462025098783,-0.0032026437109868855,0.014544007326891206,Goldilocks
1971-06-01,40.5,38.0234,0.04381443298969079,0.009737974915486447,-0.0005719899868106282,0.021800052156029204,Goldilocks
1971-07-01,40.6,37.9131,0.04370179948586128,0.004344474437801171,0.002143357927419709,0.00829709585862981,Reflation
1971-08-01,40.7,37.693,0.04358974358974366,0.00029722571639356765,-0.00045170718745835003,-0.0019712363087052154,Deflation
1971-09-01,40.8,38.3056,0.04081632653061207,0.0236090438537655,-0.00299810645907872,0.013871068938279052,Goldilocks
1971-10-01,40.9,38.5924,0.038071065989847774,0.05232388509414165,-0.005630733496013507,0.04797941065634048,Goldilocks
1971-11-01,41.0,38.7561,0.03535353535353525,0.06322665247425352,-0.008236208236208409,0.06292942675785995,Goldilocks
1971-12-01,41.1,39.2035,0.03266331658291466,0.05135631629054527,-0.00815300994769741,0.02774727243677977,Goldilocks
1972-01-01,41.2,40.1408,0.03258145363408538,0.0682762346541479,-0.005489612355762397,0.01595234956000624,Goldilocks
1972-02-01,41.4,40.5459,0.03759398496240607,0.08111732975679731,0.0022404496088708203,0.017890677282543788,Reflation
1972-03-01,41.4,40.8263,0.03499999999999992,0.08977367062522879,0.0023366834170852613,0.03841735433468352,Reflation
1972-04-01,41.5,41.2348,0.034912718204488824,0.09453063824704366,0.0023312645704034463,0.02625440359289577,Reflation
1972-05-01,41.6,41.2405,0.032258064516129226,0.08915715470386565,-0.005335920446276843,0.008039824947068341,Goldilocks
1972-06-01,41.7,41.3497,0.029629629629629672,0.08748034105314084,-0.005370370370370248,-0.002293329572087943,Deflation
1972-07-01,41.8,41.3035,0.029556650246305383,0.08942555475548031,-0.005356067958183441,-0.005105083491563356,Deflation
1972-08-01,41.9,41.879,0.029484029484029284,0.11105510306953548,-0.002774035032099942,0.021897948365669828,Goldilocks
1972-09-01,42.1,42.2132,0.031862745098039325,0.1020111941857067,0.002233115468409652,0.014530853132565857,Reflation
1972-10-01,42.2,42.7494,0.03178484107579482,0.10771550875301883,0.0022281908294894404,0.01828995399753852,Reflation
1972-11-01,42.4,43.2548,0.034146341463414664,0.11607721107128932,0.004662311979385381,0.005022108001753844,Reflation
1972-12-01,42.5,43.7367,0.03406326034063256,0.11563253280957064,0.0022005152425932373,0.013621338623863943,Reflation
1973-01-01,42.7,44.0529,0.03640776699029136,0.09745944276147966,0.004622925914496534,-0.010256065991539165,Stagflation
1973-02-01,43.0,44.6827,0.03864734299516903,0.10202757862077294,0.004501001531754367,-0.01404963245051638,Stagflation
1973-03-01,43.4,44.7045,0.048309178743961345,0.09499268853655618,0.014245918403328783,-0.020639844273014463,Stagflation
1973-04-01,43.7,44.6387,0.053012048192771166,0.08254920601045712,0.01660428120247981,-0.014910236751022543,Stagflation
1973-05-01,43.9,44.9429,0.05528846153846145,0.0897758271601945,0.01664111854329242,-0.012251751460578442,Stagflation
1973-06-01,44.2,45.0035,0.05995203836930463,0.08836339804158211,0.011642859625343283,-0.006629290494974072,Stagflation
1973-07-01,44.2,45.1636,0.05741626794258381,0.09345697095887773,0.004404219749812643,0.010907764948420606,Reflation
1973-08-01,45.0,45.1019,0.07398568019093088,0.07695742496239166,0.018697218652469427,-0.012818402197802836,Stagflation
1973-09-01,45.2,45.4624,0.07363420427553447,0.07697118436887052,0.013682165906229837,-0.011392213672711593,Stagflation
1973-10-01,45.6,45.847,0.08056872037914697,0.07245949650755334,0.023152452436563165,-0.020997474451324383,Stagflation
1973-11-01,45.9,46.0553,0.08254716981132071,0.06474425959662278,0.008561489620389828,-0.012213165365768885,Stagflation
1973-12-01,46.3,45.923,0.0894117647058823,0.04998776770995539,0.015777560430347837,-0.026983416658915127,Stagflation
1974-01-01,46.8,45.6204,0.09601873536299754,0.03558222046675685,0.015450014983850568,-0.03687727604079649,Stagflation
1974-02-01,47.3,45.4759,0.09999999999999987,0.01775183684065662,0.017452830188679158,-0.04699242275596616,Stagflation
1974-03-01,47.8,45.4777,0.10138248847926268,0.01729579796217373,0.011970723773380376,-0.03269196974778166,Stagflation
1974-04-01,48.1,45.3451,0.10068649885583514,0.015824833608505617,0.0046677634928375955,-0.019757386858251236,Stagflation
1974-05-01,48.6,45.7044,0.1070615034168565,0.016943721922706434,0.007061503416856629,-0.0008081149179501868,Stagflation
1974-06-01,49.0,45.6238,0.10859728506787314,0.013783372404368555,0.0072147965886104615,-0.0035124255578051766,Stagflation
1974-07-01,49.3,45.7221,0.1153846153846152,0.012366153273875247,0.014698116528780059,-0.0034586803346303707,Stagflation
1974-08-01,49.9,45.2366,0.10888888888888881,0.002986570410559164,0.0018273854720323168,-0.01395715151214727,Stagflation
1974-09-01,50.6,45.2365,0.11946902654867242,-0.004968941366931823,0.01087174148079928,-0.018752313771300377,Stagflation
1974-10-01,51.0,45.1133,0.11842105263157898,-0.016003228128339875,0.0030364372469637857,-0.02836938140221512,Stagflation
1974-11-01,51.5,43.6278,0.12200435729847503,-0.052708374497614896,0.013115468409586217,-0.05569494490817406,Stagflation
1974-12-01,51.9,42.0533,0.12095032397408212,-0.08426496526794858,0.0014812974254097,-0.07929602390101675,Stagflation
1975-01-01,52.3,41.4676,0.11752136752136755,-0.09102945173650379,-0.0008996851102114345,-0.07502622360816391,Deflation
1975-02-01,52.6,40.5165,0.11205073995771686,-0.10905556569523644,-0.00995361734075817,-0.05634719119762155,Deflation
1975-03-01,52.8,40.0638,0.10460251046025104,-0.11904515839631291,-0.016347813513831078,-0.034780193128364334,Deflation
1975-04-01,53.0,40.1573,0.10187110187110182,-0.11440706934156064,-0.015650265650265727,-0.023377617605056855,Deflation
1975-05-01,53.1,40.0253,0.09259259259259256,-0.12425718311584877,-0.0194581473651243,-0.015201617420612323,Deflation
1975-06-01,53.5,40.2772,0.09183673469387754,-0.1171888356515679,-0.0127657757663735,0.0018563227447450092,Goldilocks
1975-07-01,54.0,40.6994,0.09533468559837743,-0.10985278453964276,-0.006536416272724388,0.004554284801917885,Goldilocks
1975-08-01,54.2,41.0998,0.08617234468937895,-0.0914480752311182,-0.006420247903213605,0.03280910788473057,Goldilocks
1975-09-01,54.6,41.6304,0.07905138339920947,-0.07971660053275553,-0.012785351294668068,0.03747223511881237,Goldilocks
1975-10-01,54.9,41.8135,0.07647058823529407,-0.07314472672138828,-0.018864097363083365,0.03670805781825448,Goldilocks
1975-11-01,55.3,41.8697,0.0737864077669903,-0.04029770009030942,-0.012385936922388652,0.05115037514080878,Goldilocks
1975-12-01,55.6,42.4414,0.07129094412331405,0.009228764448925508,-0.0077604392758954255,0.08894536498168104,Goldilocks
1976-01-01,55.8,43.0012,0.06692160611854692,0.03698309041275594,-0.009548982116747151,0.11012781713414421,Goldilocks
1976-02-01,55.9,43.4229,0.06273764258555126,0.07173373810669714,-0.011048765181439046,0.11203143819700656,Goldilocks
1976-03-01,56.0,43.5168,0.06060606060606055,0.08618753088823339,-0.010684883517253496,0.07695876643930788,Goldilocks
1976-04-01,56.1,43.7327,0.05849056603773595,0.08903487037226121,-0.00843104008081097,0.05205177995950527,Goldilocks
1976-05-01,56.4,43.9186,0.062146892655367214,0.09727097610761182,-0.0005907499301840424,0.025537238000914675,Goldilocks
1976-06-01,56.7,43.9637,0.059813084112149584,0.09152820950810892,-0.0007929764939109685,0.005340678619875527,Goldilocks
1976-07-01,57.0,44.2141,0.05555555555555558,0.08635753844037031,-0.002935010482180367,-0.002677331931890903,Deflation
1976-08-01,57.3,44.5182,0.05719557195571956,0.08317315412727067,-0.004951320699647654,-0.014097821980341152,Deflation
1976-09-01,57.6,44.6721,0.05494505494505497,0.07306439524962527,-0.004868029167094612,-0.018463814258483646,Deflation
1976-10-01,57.9,44.6585,0.05464480874316946,0.06804022624272066,-0.0009107468123861207,-0.01831731219764965,Deflation
1976-11-01,58.1,45.3392,0.05063291139240511,0.08286421923252374,-0.006562660563314449,-0.00030893489474692615,Deflation
1976-12-01,58.4,45.8294,0.050359712230215736,0.079827715391104,-0.004585342714839236,0.006763320141478735,Goldilocks
1977-01-01,58.7,45.5087,0.051971326164874654,0.058312326167641926,-0.0026734825782948057,-0.009727900075078733,Deflation
1977-02-01,59.3,46.2277,0.06082289803220031,0.0645926458159174,0.010189986639795201,-0.018271573416606346,Stagflation
1977-03-01,59.6,46.8185,0.06428571428571428,0.07587184719464668,0.013926002055498543,-0.003955868196457324,Stagflation
1977-04-01,60.0,47.2684,0.06951871657754016,0.0808479695971207,0.01754739041266551,0.02253564342947878,Reflation
1977-05-01,60.2,47.6411,0.06737588652482285,0.08475907701975927,0.006552988492622536,0.020166431203841872,Reflation
1977-06-01,60.5,48.0116,0.06701940035273357,0.09207368806538119,0.002733686067019292,0.016201840870734507,Reflation
1977-07-01,60.8,48.073,0.06666666666666665,0.08727758791878615,-0.002852049910873511,0.006429618321665442,Goldilocks
1977-08-01,61.1,48.1205,0.06631762652705064,0.08091746746274553,-0.001058259997772204,-0.0038416095570137365,Deflation
1977-09-01,61.3,48.3189,0.06423611111111094,0.08163484591053471,-0.002783289241622633,-0.010438842154846473,Deflation
1977-10-01,61.6,48.3871,0.06390328151986191,0.08349138461882966,-0.002763385146804742,-0.003786203299956492,Deflation
1977-11-01,62.0,48.4761,0.06712564543889843,0.06918736986978158,0.0008080189118477854,-0.01173009759296395,Stagflation
1977-12-01,62.3,48.5629,0.0667808219178081,0.05964511863563571,0.002544710806697159,-0.021989727274899007,Stagflation
1978-01-01,62.7,47.8481,0.0681431005110733,0.05140555542127112,0.004239818991211397,-0.032085829197558535,Stagflation
1978-02-01,63.0,48.1044,0.062394603709949426,0.04059687157267189,-0.004731041728949004,-0.02859049829710969,Deflation
1978-03-01,63.4,49.0265,0.06375838926174482,0.047160844537949664,-0.0030224326560632786,-0.012484274097686043,Deflation
1978-04-01,63.9,50.0206,0.06499999999999995,0.05822494520652288,-0.00314310051107336,0.0068193897852517615,Goldilocks
1978-05-01,64.5,50.254,0.0714285714285714,0.05484550104846431,0.009033967718621971,0.014248629475792418,Reflation
1978-06-01,65.0,50.5801,0.07438016528925617,0.05349748810704069,0.010621776027511354,0.006336643569091027,Reflation
1978-07-01,65.5,50.5384,0.07730263157894735,0.05128450481559299,0.012302631578947398,-0.006940440390929892,Stagflation
1978-08-01,65.9,50.7458,0.07855973813420625,0.05455678972579259,0.0071311667056348504,-0.00028871132267171973,Stagflation
1978-09-01,66.5,50.8744,0.08482871125611746,0.05288820730604393,0.010448545966861289,-0.0006092808009967587,Stagflation
1978-10-01,67.1,51.2559,0.08928571428571419,0.05928852938076479,0.011983082706766846,0.008004024565171797,Reflation
1978-11-01,67.5,51.6514,0.08870967741935476,0.06550238158597743,0.010149939285148513,0.010945591860184845,Reflation
1978-12-01,67.9,51.909,0.08988764044943842,0.06890239256716546,0.00505892919332096,0.016014185261121527,Reflation
1979-01-01,68.5,51.6278,0.09250398724082931,0.07899373224851147,0.00321827295511512,0.019705202867746685,Reflation
1979-02-01,69.2,51.8752,0.09841269841269851,0.07838783978180786,0.009703020993343747,0.012885458195830424,Reflation
1979-03-01,69.9,52.0446,0.10252365930599372,0.06156058458180791,0.012636018856555298,-0.007341807985357551,Stagflation
1979-04-01,70.6,51.4193,0.10485133020344284,0.027962479458462974,0.012347342962613528,-0.0510312527900485,Stagflation
1979-05-01,71.4,51.8856,0.10697674418604652,0.03246706729812554,0.008564045773348017,-0.045920772483682315,Stagflation
1979-06-01,72.2,51.8965,0.11076923076923073,0.026026045816437637,0.008245571463237011,-0.03553453876537027,Stagflation
1979-07-01,73.0,51.8097,0.11450381679389321,0.02515512956484578,0.009652486590450371,-0.0028073498936171948,Stagflation
1979-08-01,73.7,51.4684,0.11836115326251884,0.01423960209514874,0.011384409076472313,-0.0182274652029768,Stagflation
1979-09-01,74.4,51.4597,0.11879699248120312,0.011504803987860246,0.008027761711972392,-0.014521241828577391,Stagflation
1979-10-01,75.2,51.8334,0.12071535022354718,0.01126699560440847,0.00621153342965397,-0.01388813396043731,Stagflation
1979-11-01,76.0,51.7531,0.125925925925926,0.0019689688953252737,0.00756477266340716,-0.012270633199823466,Stagflation
1979-12-01,76.9,51.7878,0.13254786450662737,-0.0023348552274172762,0.013750872025424243,-0.013839659215277522,Stagflation
1980-01-01,78.0,52.0679,0.13868613138686126,0.008524477122790364,0.017970781163314076,-0.002742518481618106,Stagflation
1980-02-01,79.0,52.082,0.14161849710982644,0.003986490654493968,0.01569257118390044,0.0020175217591686945,Reflation
1980-03-01,80.1,51.87,0.14592274678111572,-0.0033548149087514467,0.013374882274488353,-0.0010199596813341705,Stagflation
1980-04-01,80.9,50.8397,0.1458923512747876,-0.011272032096897422,0.007206219887926357,-0.019796509219687786,Stagflation
1980-05-01,81.7,49.589,0.14425770308123242,-0.044262762693309865,0.002639205971405989,-0.04824925334780383,Stagflation
1980-06-01,82.5,48.9482,0.1426592797783932,-0.056811152967926604,-0.0032634670027225088,-0.05345633805917516,Deflation
1980-07-01,82.6,48.6039,0.1315068493150684,-0.06187644398635772,-0.014385501959719216,-0.0506044118894603,Deflation
1980-08-01,83.2,48.7563,0.12890094979647215,-0.052694468839132313,-0.015356753284760272,-0.008431706145822448,Deflation
1980-09-01,83.9,49.5608,0.12768817204301075,-0.03690072036953185,-0.01497110773538246,0.019910432598394756,Goldilocks
1980-10-01,84.7,50.1908,0.12632978723404253,-0.03168999139550932,-0.005177062081025863,0.0301864525908484,Goldilocks
1980-11-01,85.6,51.0311,0.12631578947368416,-0.013950855117857652,-0.002585160322787994,0.03874361372127466,Goldilocks
1980-12-01,86.4,51.3708,0.12353706111833551,-0.008052089488257752,-0.004151110924675239,0.028848630881274095,Goldilocks
1981-01-01,87.2,51.0415,0.11794871794871797,-0.019712721273567824,-0.00838106928532456,0.011977270121941497,Goldilocks
1981-02-01,88.0,50.824,0.11392405063291133,-0.02415421834798981,-0.012391738840772826,-0.010203363230132156,Deflation
1981-03-01,88.6,51.0826,0.10611735330836458,-0.015180258338153063,-0.01741970780997093,-0.007128168849895311,Deflation
1981-04-01,89.1,50.858,0.10135970333745359,0.0003599549171218186,-0.016589014611264385,0.020072676190689642,Goldilocks
1981-05-01,89.7,51.1495,0.0979192166462668,0.031468672487850124,-0.01600483398664454,0.05562289083583993,Goldilocks
1981-06-01,90.5,51.4101,0.09696969696969693,0.05029602722878468,-0.009147656338667653,0.06547628556693774,Goldilocks
1981-07-01,91.5,51.7471,0.10774818401937059,0.06466970757490653,0.006388480681916997,0.06430975265778471,Reflation
1981-08-01,92.2,51.6826,0.10817307692307687,0.060018910376710144,0.010253860276810078,0.02855023788886002,Reflation
1981-09-01,93.1,51.4337,0.1096543504171632,0.03778994689351256,0.012684653447466276,-0.012506080335272118,Stagflation
1981-10-01,93.4,51.0281,0.10271546635182993,0.0166823401898355,-0.005032717667540654,-0.047987367385071034,Deflation
1981-11-01,93.8,50.435,0.09579439252336464,-0.011681112106147085,-0.012378684399712236,-0.07170002248285723,Deflation
1981-12-01,94.1,49.8987,0.08912037037037024,-0.028656357308042835,-0.020533980046792966,-0.0664463042015554,Deflation
1982-01-01,94.4,48.8685,0.08256880733944949,-0.042573200239021225,-0.02014665901238044,-0.05925554042885672,Deflation
1982-02-01,94.7,49.8636,0.07613636363636367,-0.018896584290886143,-0.019658028887000967,-0.007215472184739058,Deflation
1982-03-01,94.7,49.5323,0.06884875846501148,-0.030348885922016455,-0.020271611905358755,-0.0016925286139736206,Deflation
1982-04-01,95.0,49.075,0.06621773288439958,-0.035058397892170245,-0.016351074455049908,0.0075148023468509795,Goldilocks
1982-05-01,95.9,48.7483,0.06911928651059096,-0.04694474041779495,-0.007017077125772708,-0.028048156126908808,Deflation
1982-06-01,97.0,48.6214,0.07182320441988943,-0.05424420493249382,0.0029744459548779467,-0.023895319010477367,Stagflation
1982-07-01,97.5,48.4616,0.06557377049180335,-0.06349148068200938,-0.0006439623925962312,-0.028433082789839137,Deflation
1982-08-01,97.7,48.0192,0.05965292841648595,-0.07088265683228012,-0.00946635809410501,-0.023937916414485172,Deflation
1982-09-01,97.7,47.9008,0.04940923737916236,-0.06868842801509523,-0.022413967040727067,-0.014444223082601404,Deflation
1982-10-01,98.1,47.4371,0.05032119914346889,-0.070372990567942,-0.015252571348334465,-0.006881509885932613,Deflation
1982-11-01,98.0,47.283,0.044776119402985204,-0.0624962823436106,-0.014876809013500747,0.008386374488669524,Goldilocks
1982-12-01,97.7,46.9485,0.03825717321997879,-0.059123784787980305,-0.011152064159183572,0.009564643227114922,Goldilocks
1983-01-01,97.9,47.8234,0.037076271186440746,-0.0213859643737786,-0.01324492795702814,0.0489870261941634,Goldilocks
1983-02-01,98.0,47.5233,0.03484688489968324,-0.046934036050345296,-0.009929234503301965,0.015562246293265303,Goldilocks
1983-03-01,98.1,47.9244,0.035902851108764455,-0.032461646238918895,-0.0023543221112143353,0.02666213854906141,Goldilocks
1983-04-01,98.8,48.5311,0.040000000000000036,-0.011083036169128868,0.00292372881355929,0.01030292820464973,Reflation
1983-05-01,99.2,48.8239,0.0344108446298228,0.0015508233107617286,-0.0004360402698604382,0.048484859361107024,Goldilocks
1983-06-01,99.4,49.123,0.024742268041237248,0.010316445022150678,-0.011160583067527208,0.04277809126106957,Goldilocks
1983-07-01,99.8,49.8546,0.02358974358974364,0.028744407943608996,-0.016410256410256396,0.039827444112737864,Goldilocks
1983-08-01,100.1,50.4443,0.02456499488229258,0.05050271558043451,-0.009845849747530222,0.04895189226967278,Goldilocks
1983-09-01,100.4,51.178,0.02763561924257929,0.06841639388068677,0.0028933512013420426,0.05809994885853609,Reflation
1983-10-01,100.8,51.5693,0.02752293577981657,0.08710903491149335,0.003933192190072932,0.05836462696788436,Reflation
1983-11-01,101.1,51.7993,0.031632653061224536,0.09551635894507537,0.007067658178931957,0.045013643364640865,Reflation
1983-12-01,101.4,52.0594,0.03787103377686796,0.10886183797139415,0.010235414534288667,0.04044544409070738,Reflation
1984-01-01,102.1,53.0985,0.04290091930541351,0.11030374251935249,0.015377983525596939,0.023194707607859133,Reflation
1984-02-01,102.6,53.3318,0.04693877551020398,0.12222425631216693,0.015306122448979442,0.02670789736709156,Reflation
1984-03-01,102.9,53.5929,0.04892966360856277,0.11828004106467693,0.01105862983169481,0.009418203093282784,Reflation
1984-04-01,103.3,53.91,0.045546558704453455,0.11083408371126957,0.002645639399039945,0.0005303411919170831,Reflation
1984-05-01,103.5,54.2026,0.043346774193548265,0.11016530838380367,-0.003592001316655713,-0.012058947928363262,Deflation
1984-06-01,103.7,54.4014,0.04325955734406439,0.1074527207214544,-0.005670106264498376,-0.010827320343222535,Deflation
1984-07-01,104.1,54.5521,0.043086172344689366,0.09422400340189285,-0.0024603863597640885,-0.016610080309376718,Deflation
1984-08-01,104.4,54.6083,0.04295704295704317,0.08254649187321461,-0.00038973123650509756,-0.02761881651058906,Deflation
1984-09-01,104.7,54.4466,0.042828685258964105,0.0638672867247645,-0.00043087208510028674,-0.043585433996689904,Deflation
1984-10-01,105.1,54.4406,0.04265873015873023,0.05567847537197523,-0.0004274421859591371,-0.03854552802991762,Deflation
1984-11-01,105.3,54.624,0.041543026706231556,0.05453162494473873,-0.0014140162508116116,-0.02801486692847588,Deflation
1984-12-01,105.5,54.6416,0.04043392504930954,0.04960103266653104,-0.0023947602096545673,-0.014266254058233452,Deflation
1985-01-01,105.7,54.6322,0.0352595494613126,0.02888405510513481,-0.007399180697417629,-0.026794420266840424,Deflation
1985-02-01,106.3,54.7825,0.03606237816764146,0.027201407040452263,-0.005480648538590094,-0.02733021790428647,Deflation
1985-03-01,106.8,54.8653,0.03790087463556846,0.023741950892748775,-0.002533050413741078,-0.025859081773782266,Deflation
1985-04-01,107.0,54.7459,0.03581800580832528,0.015505472083101601,0.0005584563470126813,-0.013378583022033208,Stagflation
1985-05-01,107.2,54.8255,0.035748792270531515,0.011492068646153486,-0.000313585897109947,-0.015709338394298777,Deflation
1985-06-01,107.5,54.7989,0.03664416586306651,0.007306797251541264,-0.0012567087725019466,-0.01643515364120751,Deflation
1985-07-01,107.7,54.5396,0.03458213256484166,-0.0002291387499290254,-0.0012358732434836206,-0.015734610833030627,Deflation
1985-08-01,107.9,54.7055,0.03352490421455934,0.0017799492018613083,-0.0022238880559721785,-0.009712119444292178,Deflation
1985-09-01,108.1,54.8906,0.032473734479465,0.008154779178130456,-0.004170431383601514,0.0008479819265891919,Goldilocks
1985-10-01,108.5,54.7199,0.032350142721217834,0.005130362266396737,-0.0022319898436238272,0.005359501016325763,Goldilocks
1985-11-01,109.0,54.9124,0.03513770180436859,0.005279730521382531,0.0016127975898092561,0.0034997813195212224,Reflation
1985-12-01,109.5,55.4412,0.03791469194312791,0.014633539281426744,0.00544095746366291,0.006478760103296288,Reflation
1986-01-01,109.9,55.7481,0.039735099337748325,0.02042568302210057,0.007384956616530491,0.015295320755703834,Reflation
1986-02-01,109.7,55.3568,0.0319849482596426,0.010483274768402273,-0.0031527535447259947,0.005203544247019742,Goldilocks
1986-03-01,109.1,54.9625,0.021535580524344455,0.0017716115650512343,-0.016379111418783454,-0.01286192771637551,Deflation
1986-04-01,108.7,55.0413,0.015887850467289688,0.005395837861830843,-0.023847248870458637,-0.015029845160269728,Deflation
1986-05-01,109.0,55.1226,0.01679104477611948,0.00541901122652777,-0.015193903483523119,-0.005064263541874503,Deflation
1986-06-01,109.4,54.9005,0.017674418604651132,0.0018540518149086083,-0.0038611619196933233,8.244024985737397e-05,Goldilocks
1986-07-01,109.5,55.2592,0.01671309192200554,0.013194082831557319,0.0008252414547158526,0.0077982449697264755,Reflation
1986-08-01,109.6,55.1567,0.01575532900834098,0.008247799581394988,-0.0010357157677785,0.0028287883548672177,Goldilocks
1986-09-01,110.0,55.2975,0.01757631822386685,0.007412926803496367,-9.810038078428285e-05,0.005558874988587759,Goldilocks
1986-10-01,110.2,55.5332,0.015668202764977046,0.014862965758343893,-0.0010448891570284946,0.0016688829267865746,Goldilocks
1986-11-01,110.4,55.7557,0.012844036697247763,0.015357187083427482,-0.0029112923110932165,0.007109387502032494,Goldilocks
1986-12-01,110.8,56.2845,0.01187214611872145,0.015210709724897686,-0.0057041721051454,0.0077977829214013195,Goldilocks
1987-01-01,111.4,56.0882,0.01364877161055511,0.006100656345238598,-0.0020194311544219357,-0.008762309413105296,Deflation
1987-02-01,111.8,56.8275,0.019143117593436676,0.026567648418983847,0.006299080896188913,0.011210461335556365,Reflation
1987-03-01,112.2,56.9098,0.028414298808432603,0.0354296110984762,0.016542152689711154,0.020218901373578513,Reflation
1987-04-01,112.7,57.2701,0.03679852805887762,0.040493229629387395,0.02314975644832251,0.0343925732841488,Reflation
1987-05-01,113.0,57.6322,0.03669724770642202,0.04552760573702974,0.017554130112985344,0.018959957318045895,Reflation
1987-06-01,113.5,57.9307,0.03747714808043878,0.05519439713663821,0.00906284927200618,0.019764786038162008,Reflation
1987-07-01,113.8,58.3258,0.03926940639269394,0.05549483162984625,0.0024708783338163176,0.015001602000458858,Reflation
1987-08-01,114.3,58.7636,0.042883211678832245,0.06539368743960372,0.0061859639724102244,0.01986608170257398,Reflation
1987-09-01,114.7,58.9951,0.042727272727272725,0.06686739906867412,0.005250124646833942,0.011673001932035909,Reflation
1987-10-01,115.0,59.781,0.04355716878402904,0.07649118005085254,0.004287762391335104,0.020996348421006283,Reflation
1987-11-01,115.4,60.0726,0.04528985507246386,0.07742526773047431,0.0024066433936316134,0.012031580290870592,Reflation
1987-12-01,115.6,60.4095,0.04332129963898912,0.07328838312501662,0.0005940269117163943,0.006420984056342505,Reflation
1988-01-01,116.0,60.3976,0.04129263913824044,0.07683256014634088,-0.0022645296457886044,0.0003413800954883417,Goldilocks
1988-02-01,116.2,60.7003,0.03935599284436497,0.06815010338304517,-0.005933862228098885,-0.009275164347429143,Deflation
1988-03-01,116.5,60.8501,0.03832442067736186,0.0692376356971911,-0.00499687896162726,-0.0040507474278255184,Deflation
1988-04-01,117.2,61.2031,0.03992901508429458,0.06867457888147577,-0.0013636240539458555,-0.00815798126486511,Deflation
1988-05-01,117.5,61.0797,0.03982300884955747,0.05981899007846314,0.00046701600519249986,-0.008331113304582027,Stagflation
1988-06-01,118.0,61.2569,0.0396475770925111,0.057416879133171284,0.0013231564151492403,-0.011820756564019819,Stagflation
1988-07-01,118.5,61.2659,0.04130052724077338,0.050408224147804326,0.0013715121564787935,-0.01826635473367144,Stagflation
1988-08-01,119.0,61.5731,0.04111986001749779,0.047810209040970886,0.001296851167940316,-0.012008781037492255,Stagflation
1988-09-01,119.5,61.3807,0.04184829991281602,0.040437256653518716,0.0022007228203049234,-0.016979622479652567,Stagflation
1988-10-01,119.9,61.6453,0.04260869565217407,0.03118549371874013,0.0013081684114006897,-0.019222730429064194,Stagflation
1988-11-01,120.3,61.7944,0.04246100519930662,0.028661985664013345,0.0013411451818088338,-0.01914822337695754,Stagflation
1988-12-01,120.7,62.0743,0.044117647058823595,0.027558579362517488,0.002269347146007572,-0.012878677291001228,Stagflation
1989-01-01,121.2,62.2574,0.04482758620689653,0.030792614276063945,0.0022188905547224635,-0.00039287944267618613,Stagflation
1989-02-01,121.6,61.9819,0.04647160068846801,0.02111356945517584,0.004010595489161384,-0.007548416208837505,Stagflation
1989-03-01,122.2,62.1369,0.04892703862660941,0.021147048238211674,0.0048093915677858146,-0.006411531124305814,Stagflation
1989-04-01,123.1,62.1276,0.05034129692832767,0.01510544400528735,0.005513710721431142,-0.015687170270776596,Stagflation
1989-05-01,123.7,61.7744,0.052765957446808454,0.011373664245240223,0.006294356758340447,-0.009739905209935618,Stagflation
1989-06-01,124.1,61.7697,0.051694915254237195,0.008371301845179868,0.0027678766276277855,-0.012775746393031806,Stagflation
1989-07-01,124.5,61.1738,0.05063291139240511,-0.00150328322933313,0.00029161446407743874,-0.01660872723462048,Stagflation
1989-08-01,124.5,61.7732,0.04621848739495804,0.0032497957712054326,-0.0065474700518504125,-0.00812386847403479,Deflation
1989-09-01,124.8,61.5796,0.04435146443514637,0.0032404322531349727,-0.007343450819090824,-0.0051308695920448955,Deflation
1989-10-01,125.4,61.4966,0.04587155963302747,-0.002412187141598743,-0.004761351759377641,-0.0009089039122656128,Deflation
1989-11-01,125.9,61.7044,0.046550290939318506,-0.0014564426549978915,0.000331803544360465,-0.004706238426203324,Stagflation
1989-12-01,126.3,62.0428,0.046396023198011616,-0.0005074563869427173,0.002044558762865245,-0.00374788864007769,Stagflation
1990-01-01,127.5,61.729,0.051980198019802026,-0.00848734447631927,0.006108638386774556,-0.006075157334720527,Stagflation
1990-02-01,128.0,62.2896,0.05263157894736836,0.00496435249645466,0.006081288008049857,0.006420795151452552,Reflation
1990-03-01,128.6,62.5999,0.05237315875613735,0.007451289008624462,0.005977135558125735,0.00795874539556718,Reflation
1990-04-01,128.9,62.4359,0.04711616571892785,0.004962367772133325,-0.004864032300874177,0.013449712248452594,Goldilocks
1990-05-01,129.1,62.6258,0.043654001616814764,0.013782408246781896,-0.008977577330553599,0.008818055750327236,Goldilocks
1990-06-01,129.9,62.8382,0.04673650282030639,0.017298125132548803,-0.005636655935830959,0.00984683612392434,Goldilocks
1990-07-01,130.5,62.7284,0.04819277108433728,0.025412840137444492,0.0010766053654094332,0.020450472365311168,Reflation
1990-08-01,131.6,62.9475,0.05702811244979911,0.019009861881851498,0.013374110832984343,0.005227453635069601,Reflation
1990-09-01,132.5,62.9523,0.06169871794871806,0.02229147315019908,0.014962215128411671,0.004993348017650279,Reflation
1990-10-01,133.4,62.5845,0.06379585326953752,0.017690408900654653,0.015603082185200234,-0.0077224312367898396,Stagflation
1990-11-01,133.7,61.7887,0.06195393169181873,0.001366191065791167,0.0049258192420196245,-0.01764367081606033,Stagflation
1990-12-01,134.2,61.3352,0.06254948535233562,-0.011405030076012013,0.0008507674036175583,-0.033696503226211094,Stagflation
1991-01-01,134.7,61.1355,0.05647058823529405,-0.00961460577686335,-0.007325265034243467,-0.027305014677518002,Deflation
1991-02-01,134.8,60.6838,0.05312500000000009,-0.02577958439290029,-0.008828931691818642,-0.027145775458691457,Deflation
1991-03-01,134.8,60.3346,0.04821150855365497,-0.0361869587651098,-0.014337976798680652,-0.024781928689097787,Deflation
1991-04-01,135.1,60.4938,0.04809930178432875,-0.031105501802648705,-0.008371286450965298,-0.021490896025785355,Deflation
1991-05-01,135.6,61.0633,0.05034856700232382,-0.02494978108064083,-0.0027764329976762703,0.0008298033122594584,Goldilocks
1991-06-01,136.0,61.5581,0.046959199384141614,-0.02037136646180182,-0.0012523091695133548,0.01581559230330798,Goldilocks
1991-07-01,136.2,61.7305,0.04367816091954024,-0.015908264836979713,-0.004421140864788509,0.015197236965668992,Goldilocks
1991-08-01,136.6,61.7298,0.03799392097264431,-0.01934469200524247,-0.012354646029679506,0.005605089075398362,Goldilocks
1991-09-01,137.0,62.2195,0.03396226415094339,-0.011640559598299127,-0.012996935233198226,0.008730806863502694,Goldilocks
1991-10-01,137.2,62.1855,0.028485757121439192,-0.006375380485583504,-0.01519240379810105,0.00953288435139621,Goldilocks
1991-11-01,137.8,62.0871,0.030665669409125185,0.004829362003084814,-0.007328251563519128,0.024174054008327284,Goldilocks
1991-12-01,138.2,61.7852,0.02980625931445613,0.007336733229858172,-0.004156004836487259,0.0189772928281573,Goldilocks
1992-01-01,138.3,61.4616,0.02672605790645899,0.005334053046102349,-0.0017596992149802038,0.011709433531685853,Goldilocks
1992-02-01,138.6,61.8955,0.028189910979228294,0.01996743776757559,-0.0024757584298968904,0.015138075764490777,Goldilocks
1992-03-01,139.1,62.4232,0.03189910979228472,0.03461695279325627,0.0020928504778285895,0.0272802195633981,Reflation
1992-04-01,139.4,62.897,0.031828275351591495,0.03972638518327498,0.005102217445132506,0.03439233213717263,Reflation
1992-05-01,139.7,63.104,0.030235988200590036,0.03341941886534139,0.0020460772213617417,0.013451981097765797,Reflation
1992-06-01,140.1,63.1363,0.030147058823529305,0.02563756841098086,-0.0017520509687554142,-0.008979384382275413,Deflation
1992-07-01,140.5,63.7176,0.031571218795888534,0.03218992232364881,-0.0002570565557029614,-0.00753646285962617,Deflation
1992-08-01,140.8,63.3613,0.030746705710102518,0.026429698460063156,0.0005107175095124816,-0.0069897204052782325,Stagflation
1992-09-01,141.1,63.5703,0.029927007299270114,0.021710235537090616,-0.0002200515242591905,-0.0039273328738902435,Deflation
1992-10-01,141.7,63.9995,0.03279883381924198,0.02917078740220802,0.0012276150233534455,-0.0030191349214407914,Stagflation
1992-11-01,142.1,64.2422,0.031204644412191396,0.034710914183461616,0.0004579387020888781,0.00828121572339846,Reflation
1992-12-01,142.3,64.3507,0.02966714905933454,0.04152288897664813,-0.0002598582399355731,0.019812653439557515,Goldilocks
1993-01-01,142.8,64.5978,0.03253796095444694,0.051026982701394274,-0.00026087286479503646,0.021856195299186254,Goldilocks
1993-02-01,143.1,64.9089,0.032467532467532534,0.048685284067500945,0.0012628880553411381,0.013974369884039328,Reflation
1993-03-01,143.3,64.8522,0.030194104960460155,0.03891181483807293,0.0005269559011256142,-0.002611074138575198,Stagflation
1993-04-01,143.8,65.0301,0.031563845050215145,0.033914177146763924,-0.0009741159042317982,-0.01711280555463035,Deflation
1993-05-01,144.2,64.784,0.0322118826055835,0.026622718052738525,-0.0002556498619490366,-0.02206256601476242,Deflation
1993-06-01,144.3,64.9301,0.029978586723768963,0.028411547715022856,-0.0002155182366911923,-0.010500267123050078,Deflation
1993-07-01,144.5,65.1052,0.028469750889679624,0.021777342523886745,-0.003094094160535521,-0.01213683462287718,Deflation
1993-08-01,144.8,65.0267,0.02840909090909083,0.02628418293185275,-0.003802791696492669,-0.00033853512088577453,Deflation
1993-09-01,145.0,65.3717,0.027639971651311157,0.02833713227717971,-0.002338615072457806,-7.441543784314497e-05,Deflation
1993-10-01,145.6,65.8509,0.02752293577981657,0.02892835100274227,-0.0009468151098630528,0.007151008478855525,Goldilocks
1993-11-01,146.0,66.1518,0.027445460942997935,0.02972500941748568,-0.0009636299660928938,0.0034408264856329307,Goldilocks
1993-12-01,146.3,66.5436,0.028109627547435068,0.03407732938414032,0.00046965589612391057,0.0057401971069606095,Reflation
1994-01-01,146.3,66.7351,0.02450980392156854,0.033086266095749384,-0.0030131318582480304,0.004157915093007114,Goldilocks
1994-02-01,146.7,66.774,0.02515723270440251,0.028734118125557373,-0.0022882282385954245,-0.0009908912919283086,Deflation
1994-03-01,147.1,67.4552,0.026517794836008246,0.04013742016462052,-0.0015918327114268216,0.0060600907804801984,Goldilocks
1994-04-01,147.2,67.8541,0.02364394993045882,0.04342604424720231,-0.0008658539911097218,0.010339778151452927,Goldilocks
1994-05-01,147.5,68.1663,0.02288488210818307,0.05220887873549018,-0.0022723505962194412,0.02347476060993281,Goldilocks
1994-06-01,147.9,68.6265,0.02494802494802495,0.05692891278467149,-0.0015697698879832966,0.016791492620050974,Goldilocks
1994-07-01,148.4,68.7178,0.0269896193771626,0.05548865528406344,0.0033456694467037806,0.012062611036861126,Reflation
1994-08-01,149.0,69.1785,0.02900552486187835,0.06384761951629092,0.006120642753695282,0.011638740780800738,Reflation
1994-09-01,149.3,69.3961,0.02965517241379323,0.06156180732641192,0.00470714746576828,0.004632894541740429,Reflation
1994-10-01,149.4,69.9544,0.026098901098901228,0.06231501771426062,-0.000890718278261371,0.006826362430197186,Goldilocks
1994-11-01,149.8,70.4326,0.026027397260274032,0.06471176899192455,-0.002978127601604319,0.0008641494756336243,Goldilocks
1994-12-01,150.1,71.1523,0.02597402597402576,0.06925835091579047,-0.0036811464397674687,0.007696543589378546,Goldilocks
1995-01-01,150.5,71.2734,0.028708133971291794,0.06800469318244806,0.0026092328723905656,0.005689675468187438,Reflation
1995-02-01,150.9,71.193,0.02862985685071595,0.06617845269116707,0.002602459590441919,0.0014666836992425214,Reflation
1995-03-01,151.2,71.3113,0.027872195785180187,0.057165348260771465,0.0018981698111544265,-0.012093002655019003,Stagflation
1995-04-01,151.8,71.1882,0.03125000000000022,0.049136308638682014,0.0025418660287084283,-0.018868384543766048,Stagflation
1995-05-01,152.1,71.5378,0.031186440677966054,0.04945992374531105,0.002556583827250103,-0.016718528945856015,Stagflation
1995-06-01,152.4,71.7749,0.030425963488843744,0.04587732144288292,0.0025537677036635564,-0.011288026817888541,Stagflation
1995-07-01,152.6,71.4748,0.028301886792452713,0.04012060921624383,-0.002948113207547509,-0.009015699422438184,Deflation
1995-08-01,152.9,72.4223,0.026174496644295386,0.04689029105863818,-0.005011944033670668,-0.0025696326866728736,Deflation
1995-09-01,153.1,72.7144,0.0254521098459477,0.047816808149161005,-0.004973853642896042,0.0019394867062780818,Goldilocks
1995-10-01,153.5,72.5866,0.027443105756358666,0.037627368685886786,-0.0008587810360940473,-0.0024932405303570437,Deflation
1995-11-01,153.7,72.7779,0.02603471295060067,0.033298500978240275,-0.00013978369369471721,-0.013591790080397903,Deflation
1995-12-01,153.9,73.0305,0.025316455696202667,0.026396897921781903,-0.00013565414974503476,-0.021419910227379102,Deflation
1996-01-01,154.7,72.6125,0.027906976744185963,0.018788215519394358,0.0004638709878272973,-0.01883915316649243,Stagflation
1996-02-01,155.0,73.6752,0.02717031146454607,0.03486578736673551,0.0011355985139454017,0.001567286388495237,Reflation
1996-03-01,155.5,73.585,0.028439153439153486,0.03188414739319012,0.0031226977429508196,0.005487249471408218,Reflation
1996-04-01,156.1,74.3172,0.02832674571805005,0.043953913710418346,0.0004197689738640875,0.02516569819102399,Reflation
1996-05-01,156.4,74.8726,0.02827087442472065,0.04661591494286932,0.0011005629601745781,0.011750127576133806,Reflation
1996-06-01,156.7,75.4433,0.028215223097112663,0.05110978907668273,-0.0002239303420408234,0.01922564168349261,Goldilocks
1996-07-01,157.0,75.4549,0.028833551769331667,0.055685360434726494,0.0005068060512816164,0.011731446724308148,Reflation
1996-08-01,157.2,75.8411,0.028122956180510084,0.047206454365575024,-0.00014791824421056532,0.0005905394227057048,Goldilocks
1996-09-01,157.7,76.3158,0.030045721750489918,0.04952801645891314,0.001830498653377255,-0.0015817726177695945,Stagflation
1996-10-01,158.2,76.3384,0.030618892508143203,0.051687226016922994,0.001785340738811536,-0.0039981344178035005,Stagflation
1996-11-01,158.7,77.0397,0.03253090435914108,0.05855898562613082,0.004407948178630994,0.011352531260555798,Reflation
1996-12-01,159.1,77.5333,0.03378817413905133,0.06165643121709419,0.0037424523885614125,0.01212841475818105,Reflation
1997-01-01,159.4,77.6562,0.030381383322559907,0.06946049233947327,-0.0002375091855832956,0.017773266322550274,Goldilocks
1997-02-01,159.7,78.5833,0.030322580645161246,0.06661807501031536,-0.0022083237139798317,0.008059089384184537,Goldilocks
1997-03-01,159.8,79.082,0.027652733118971096,0.07470272474009643,-0.0061354410200802345,0.01304629352300224,Goldilocks
1997-04-01,159.9,79.1747,0.02434336963484962,0.06536171976339267,-0.006038013687710286,-0.0040987725760806,Deflation
1997-05-01,159.9,79.6133,0.02237851662404089,0.06331688761977006,-0.007944064021120356,-0.0033011873905453015,Deflation
1997-06-01,160.2,79.9792,0.02233567326100827,0.06012329789391524,-0.005317059857962825,-0.014579426846181187,Deflation
1997-07-01,160.4,80.6624,0.021656050955414008,0.06901473595485519,-0.002687318679435613,0.0036530161914625214,Goldilocks
1997-08-01,160.8,81.4694,0.022900763358778775,0.07421174007233544,0.0005222467347378856,0.010894852452565384,Reflation
1997-09-01,161.2,82.2156,0.0221940393151554,0.07730771347479815,-0.00014163394585287037,0.017184415580882906,Goldilocks
1997-10-01,161.5,82.9446,0.020859671302149163,0.08653836077256005,-0.0007963796532648448,0.017523624817704864,Goldilocks
1997-11-01,161.7,83.5978,0.018903591682419618,0.08512624010737335,-0.003997171676359157,0.01091450003503791,Goldilocks
1997-12-01,161.8,83.9538,0.016970458830924073,0.08280957988374027,-0.005223580484231327,0.005501866408942124,Goldilocks
1998-01-01,162.0,84.3218,0.016311166875784044,0.0858347433946034,-0.004548504426365119,-0.0007036173779566557,Deflation
1998-02-01,162.0,84.4583,0.01440200375704448,0.07476143150007708,-0.004501587925375139,-0.010364808607296272,Deflation
1998-03-01,162.0,84.488,0.013767209011263937,0.06835942439493192,-0.0032032498196601367,-0.014450155488808347,Deflation
1998-04-01,162.2,84.7779,0.014383989993745905,0.07077008185695677,-0.0019271768820381396,-0.015064661537646629,Deflation
1998-05-01,162.6,85.3367,0.016885553470919357,0.07188999827918208,0.0024835497138748774,-0.0028714332208950033,Stagflation
1998-06-01,162.8,84.8248,0.01622971285892638,0.06058575229559682,0.002462503847662445,-0.007773672099335105,Stagflation
1998-07-01,163.2,84.4986,0.0174563591022443,0.047558713849327416,0.003072369108498396,-0.02321136800762935,Stagflation
1998-08-01,163.4,86.248,0.016169154228855787,0.05865515150473688,-0.0007163992420635701,-0.013234846774445197,Deflation
1998-09-01,163.5,86.2021,0.014267990074441794,0.04848836473856544,-0.0019617227844845875,-0.01209738755703138,Deflation
1998-10-01,163.9,86.7914,0.014860681114551078,0.046377943832389246,-0.0025956779876932234,-0.0011807700169381707,Deflation
1998-11-01,164.1,86.7256,0.014842300556586308,0.03741486019967022,-0.001326853672269479,-0.02124029130506666,Deflation
1998-12-01,164.4,87.1185,0.01606922126081578,0.037695732652959,0.001801231186373986,-0.010792632085606435,Stagflation
1999-01-01,164.7,87.4949,0.016666666666666607,0.03763083805136991,0.00180598555211553,-0.008747105781019338,Stagflation
1999-02-01,164.7,88.027,0.016666666666666607,0.04225398806274816,0.0018243661100803,0.004839127863077941,Reflation
1999-03-01,164.8,88.2267,0.01728395061728394,0.04425125461604007,0.0012147293564681583,0.006555521963081068,Reflation
1999-04-01,165.9,88.4295,0.02281134401972884,0.04307254602909483,0.006144677353062233,0.005441707977724919,Reflation
1999-05-01,166.0,88.9886,0.02091020910209096,0.0427940147673862,0.004243542435424352,0.0005400267046380414,Reflation
1999-06-01,166.0,88.9188,0.019656019656019597,0.048264186888740124,0.002372069038735658,0.004012932272700054,Reflation
1999-07-01,166.7,89.4333,0.021446078431372584,0.058399784138435606,-0.001365265588356257,0.01532723810934078,Goldilocks
1999-08-01,167.1,89.7924,0.022643818849449104,0.04109544569149426,0.0017336097473581447,-0.0016985690758919425,Stagflation
1999-09-01,167.8,89.4299,0.02629969418960254,0.0374445634155085,0.006643674533582944,-0.010819623473231621,Stagflation
1999-10-01,168.1,90.523,0.0256253813300793,0.0429950432876991,0.004179302898706716,-0.015404740850736509,Stagflation
1999-11-01,168.4,90.9618,0.026203534430225606,0.04884601547870515,0.0035597155807765013,0.0077505697872108925,Reflation
1999-12-01,168.8,91.6634,0.02676399026763998,0.052169171875089626,0.00046429607803744055,0.014724608459581123,Reflation
2000-01-01,169.3,91.538,0.02792956891317555,0.04620955049951481,0.002304187583096251,0.003214507211815709,Reflation
2000-02-01,170.0,91.8239,0.032179720704310855,0.04313335681097841,0.005976186274085249,-0.005712658667726744,Stagflation
2000-03-01,171.0,92.1504,0.03762135922330101,0.04447293166354416,0.010857368955661029,-0.007696240211545469,Stagflation
2000-04-01,170.9,92.6989,0.03013863773357439,0.048280268462447484,0.0022090688203988407,0.0020707179629326777,Reflation
2000-05-01,171.2,92.9499,0.031325301204819134,0.044514690645768074,-0.0008544194994917209,0.0013813338347896664,Goldilocks
2000-06-01,172.2,92.9862,0.03734939759036138,0.04574285752844154,-0.0002719616329396324,0.001269925864897381,Goldilocks
2000-07-01,172.7,92.8048,0.03599280143971195,0.037698485910728996,0.005854163706137561,-0.010581782551718488,Stagflation
2000-08-01,172.7,92.5521,0.033512866546977715,0.030734226950164922,0.0021875653421585817,-0.013780463695603151,Stagflation
2000-09-01,173.6,92.9792,0.0345649582836709,0.03968806853188922,-0.0027844393066904782,-0.006054788996552318,Deflation
2000-10-01,173.9,92.6179,0.03450327186198687,0.023142184859096693,-0.0014895295777250794,-0.014556301051632303,Deflation
2000-11-01,174.2,92.6438,0.03444180522565321,0.018491278756576968,0.000928938678675495,-0.012242948193587955,Stagflation
2000-12-01,174.6,92.3415,0.03436018957345954,0.007397718173229428,-0.000204768710211356,-0.03229035035865979,Deflation
2001-01-01,175.6,91.902,0.037212049616065945,0.003976490637767949,0.0027087777540790725,-0.019165694221328744,Stagflation
2001-02-01,176.0,91.3034,0.03529411764705892,-0.0056684588652845536,0.0008523124214057098,-0.02415973762186152,Stagflation
2001-03-01,176.1,91.1162,0.029824561403508643,-0.011222957252491561,-0.0045356281699509005,-0.01862067542572099,Deflation
2001-04-01,176.4,90.7891,0.03218256290228205,-0.020602186217959284,-0.005029486713783893,-0.024578676855727233,Deflation
2001-05-01,177.3,90.3555,0.035630841121495394,-0.02791181055600911,0.0003367234744364733,-0.022243351690724555,Stagflation
2001-06-01,177.7,89.8784,0.03193960511033689,-0.033422163718917375,0.0021150437068282457,-0.022199206466425814,Stagflation
2001-07-01,177.4,89.3028,0.027214823393167498,-0.03773511714911293,-0.004967739509114555,-0.017132930931153645,Deflation
2001-08-01,177.4,89.2003,0.027214823393167498,-0.036215277665228585,-0.008416017728327896,-0.008303467109219476,Deflation
2001-09-01,178.1,88.7485,0.025921658986175045,-0.045501574545704804,-0.006017946124161844,-0.012079410826787429,Deflation
2001-10-01,177.6,88.5052,0.02127659574468077,-0.04440502321905382,-0.005938227648486727,-0.00666990606994089,Deflation
2001-11-01,177.5,87.97,0.01894374282433997,-0.05044913960783126,-0.008271080568827527,-0.014233861942602677,Deflation
2001-12-01,177.4,87.9324,0.01603665521191311,-0.04774776238202749,-0.009885003774261936,-0.0022461878363226884,Deflation
2002-01-01,177.7,88.5176,0.011958997722095743,-0.03682618441383212,-0.009317598022585027,0.007578838805221699,Goldilocks
2002-02-01,178.0,88.5278,0.011363636363636465,-0.030399744149724905,-0.007580106460703506,0.020049395458106356,Goldilocks
2002-03-01,178.5,89.1686,0.013628620102214661,-0.021374903694403535,-0.0024080351096984476,0.026372858687623957,Goldilocks
2002-04-01,179.3,89.604,0.01643990929705219,-0.013053329089064758,0.004480911574956448,0.02377285532476736,Reflation
2002-05-01,179.5,89.964,0.012408347433727984,-0.00433288510383989,0.0010447110700915196,0.026066859045885016,Reflation
2002-06-01,179.6,90.7061,0.010692177827799743,0.00920910919642548,-0.002936442274414919,0.030584012890829015,Goldilocks
2002-07-01,180.0,90.6769,0.01465614430665152,0.015386975548359105,-0.0017837649904006714,0.028440304637423863,Goldilocks
2002-08-01,180.5,90.5762,0.01747463359639223,0.015424836015125454,0.005066286162664246,0.019757721118965343,Reflation
2002-09-01,180.8,90.6531,0.01516002245929271,0.021460644405257412,0.004467844631492968,0.012251535208831932,Reflation
2002-10-01,181.2,90.4643,0.020270270270270174,0.022135422551443185,0.005614125963618655,0.006748447003084079,Reflation
2002-11-01,181.5,90.9711,0.022535211267605604,0.034115039217915255,0.005060577671213373,0.0186902032027898,Reflation
2002-12-01,181.8,90.4652,0.024802705749718212,0.02880394484854265,0.009642683290425502,0.007343300443285239,Reflation
2003-01-01,182.6,91.2361,0.02757456387169399,0.03071140654513904,0.007304293601423817,0.008575983993695857,Reflation
2003-02-01,183.6,91.3445,0.03146067415730336,0.031817124112425654,0.008925462889697755,-0.0022979151054896008,Stagflation
2003-03-01,183.9,91.1044,0.03025210084033625,0.021709435832793167,0.005449395090618037,-0.007094509015749484,Stagflation
2003-04-01,183.2,90.5617,0.02175125488008911,0.010688138922369639,-0.005823308991604881,-0.020023267622769403,Deflation
2003-05-01,182.9,90.537,0.018941504178273005,0.0063692143524076705,-0.012519169979030353,-0.025447909760017984,Deflation
2003-06-01,183.1,90.6527,0.01948775055679297,-0.0005887145406980876,-0.010764350283543278,-0.022298150373491255,Deflation
2003-07-01,183.7,91.1185,0.020555555555555438,0.004870038565500057,-0.0011956993245336722,-0.005818100356869582,Deflation
2003-08-01,184.5,90.9197,0.02216066481994461,0.0037923869625795525,0.0032191606416716034,-0.002576827389828118,Stagflation
2003-09-01,185.1,91.5059,0.02378318584070782,0.009407289987876988,0.00429543528391485,0.009996004528575075,Reflation
2003-10-01,184.9,91.6186,0.02041942604856528,0.012759729528664998,-0.0001361295069901569,0.007889690963164941,Goldilocks
2003-11-01,185.0,92.2329,0.019283746556473913,0.013870339041739621,-0.002876918263470696,0.010077952079160069,Goldilocks
2003-12-01,185.5,92.2602,0.020352035203520247,0.019841883950955763,-0.0034311506371875744,0.010434593963078775,Goldilocks
2004-01-01,186.3,92.4006,0.020262869660460092,0.012763588097255418,-0.00015655638810518901,3.858568590420219e-06,Goldilocks
2004-02-01,186.7,92.958,0.01688453159041381,0.017663898756903773,-0.0023992149660601036,0.003793559715164152,Goldilocks
2004-03-01,187.1,92.5861,0.017400761283306032,0.01626375894029275,-0.0029512739202142146,-0.0035781250106630136,Deflation
2004-04-01,187.4,92.93,0.022925764192139875,0.02615123170170186,0.0026628945316797825,0.013387643604446442,Reflation
2004-05-01,188.2,93.6013,0.028977583378895444,0.0338458309862264,0.012093051788481635,0.016181932229322626,Reflation
2004-06-01,188.9,92.871,0.03167667941015839,0.024470313625517992,0.01427591812685236,0.008206554685225242,Reflation
2004-07-01,189.1,93.5649,0.02939575394665228,0.026848554355043186,0.006469989754512406,0.0006973226533413257,Reflation
2004-08-01,189.2,93.6277,0.025474254742547275,0.029784524146032165,-0.0035033286363481686,-0.004061306840194234,Deflation
2004-09-01,189.8,93.7467,0.025391680172879516,0.02448803847620762,-0.0062849992372788765,1.7724850689626592e-05,Goldilocks
2004-10-01,190.8,94.5465,0.03190914007571655,0.03195748461556924,0.0025133861290642656,0.005108930260526057,Reflation
2004-11-01,191.7,94.7813,0.03621621621621607,0.02763005391785356,0.010741961473668793,-0.0021544702281786066,Stagflation
2004-12-01,191.7,95.5365,0.033423180592991875,0.03551152067738861,0.008031500420112359,0.01102348220118099,Reflation
2005-01-01,191.6,95.8801,0.028448738593666034,0.037656681883018184,-0.0034604014820505125,0.005699197267448941,Goldilocks
2005-02-01,192.4,96.5761,0.030530262453133394,0.03892187869790664,-0.005685953763082674,0.011291824780053084,Goldilocks
2005-03-01,193.1,96.4456,0.032068412613575736,0.04168552298887196,-0.0013547679794161382,0.006174002311483351,Goldilocks
2005-04-01,193.7,96.6532,0.03361792956243326,0.04006456472613795,0.005169190968767223,0.0024078828431197685,Reflation
2005-05-01,193.6,96.7402,0.02869287991498415,0.03353479064927534,-0.001837382538149246,-0.0053870880486313055,Deflation
2005-06-01,193.7,97.1753,0.02541026998411855,0.046347083589064475,-0.006658142629457187,0.004661560600192516,Goldilocks
2005-07-01,194.9,96.8676,0.03067160232681121,0.03529849334526092,-0.0029463272356220482,-0.004766071380877035,Deflation
2005-08-01,196.1,97.1833,0.03646934460887952,0.03797594088074363,0.0077764646938953685,0.004441150231468294,Reflation
2005-09-01,198.8,95.3005,0.04741833508956805,0.016574450087309733,0.022008065105449504,-0.02977263350175474,Stagflation
2005-10-01,199.1,96.4572,0.04350104821802936,0.020209103457029087,0.01282944589121815,-0.01508938988823183,Stagflation
2005-11-01,198.1,97.5414,0.03338549817423053,0.029120723180627417,-0.0030838464346489847,-0.008855217700116214,Deflation
2005-12-01,198.1,98.0452,0.03338549817423053,0.026259073757150198,-0.014032836915337521,0.009684623669840464,Goldilocks
2006-01-01,199.3,98.1999,0.04018789144050117,0.024194801632455576,-0.0033131567775281923,0.003985698175426489,Goldilocks
2006-02-01,199.4,98.2413,0.0363825363825363,0.017242361205308532,0.002997038208305769,-0.011878361975318885,Stagflation
2006-03-01,199.7,98.4628,0.03417918177110302,0.02091541760329152,0.0007936835968724854,-0.005343656153858678,Stagflation
2006-04-01,200.7,98.7618,0.03613835828600931,0.021816142662632876,-0.004049533154491858,-0.0023786589698227,Deflation
2006-05-01,201.3,98.7869,0.03977272727272729,0.021156664964513183,0.0033901908901909916,0.0039143037592046515,Reflation
2006-06-01,201.8,99.0997,0.041817243159525175,0.01980338625144462,0.007638061388422157,-0.0011120313518468983,Stagflation
2006-07-01,202.9,99.0489,0.041046690610569536,0.02251836527383766,0.004908332324560227,0.0007022226112047836,Reflation
2006-08-01,203.8,99.4836,0.03926568077511483,0.023669704568583194,-0.0005070464976124622,0.002513039604070011,Goldilocks
2006-09-01,202.8,99.3183,0.02012072434607637,0.042159275134967755,-0.021696518813448806,0.022355888883523134,Goldilocks
2006-10-01,201.9,99.2044,0.014063284781516971,0.028481025781383007,-0.026983405829052565,0.005962660507545348,Goldilocks
2006-11-01,202.0,99.1627,0.01968702675416467,0.016621660136106442,-0.01957865402095016,-0.007048044432476752,Deflation
2006-12-01,203.1,100.1735,0.025239777889954462,0.021707334984272686,0.005119053543878094,-0.02045194015069507,Stagflation
2007-01-01,203.437,99.8346,0.020757651781234232,0.016646656462990128,0.006694366999717261,-0.011834369318392879,Stagflation
2007-02-01,204.226,100.7753,0.02420260782347028,0.025793632616832207,0.0045155810693056075,0.009171972480725765,Reflation
2007-03-01,205.288,100.9547,0.027981972959439272,0.025308035115800154,0.0027421950694848096,0.003600700131527468,Reflation
2007-04-01,205.904,101.6334,0.025929247633283525,0.029076019270608766,0.005171595852049293,0.012429362807618638,Reflation
2007-05-01,206.755,101.7306,0.02709885742672613,0.029798485426711263,0.0028962496032558516,0.004004852809879056,Reflation
2007-06-01,207.234,101.7893,0.02692765113974227,0.027140344521729087,-0.0010543218196970017,0.0018323094059289335,Goldilocks
2007-07-01,207.603,101.6672,0.023178905864958077,0.026434417747193573,-0.0027503417683254483,-0.0026416015234151935,Deflation
2007-08-01,207.667,101.863,0.01897448478900876,0.023917510021752353,-0.00812437263771737,-0.00588097540495891,Deflation
2007-09-01,208.547,102.0894,0.028338264299802685,0.027901202497425004,0.0014106131600604144,0.0007608579756959166,Reflation
2007-10-01,209.19,101.8015,0.03610698365527476,0.026179282370540014,0.012928077790316683,-0.0002551353766535591,Stagflation
2007-11-01,210.834,102.3446,0.04373267326732666,0.03208767006142432,0.0247581884783179,0.00817016003967197,Reflation
2007-12-01,211.445,102.3803,0.04108813392417532,0.022029778334589523,0.012749869624372634,-0.005871424162835481,Stagflation
2008-01-01,212.174,102.2448,0.04294695655165981,0.024141930753466267,0.006839972896385049,-0.002037351617073746,Stagflation
2008-02-01,212.687,101.8438,0.04142959270611968,0.010602796518591306,-0.0023030805612069827,-0.021484873542833016,Deflation
2008-03-01,213.448,101.5336,0.03974903550134434,0.005734255066876637,-0.0013390984228309755,-0.016295523267712886,Deflation
2008-04-01,213.942,100.8785,0.039037609759888126,-0.007427676334748168,-0.003909346791771684,-0.031569607088214435,Deflation
2008-05-01,215.208,100.2674,0.04088413823123993,-0.014383086308347726,-0.0005454544748797474,-0.024985882826939032,Deflation
2008-06-01,217.463,100.0335,0.04935966105947864,-0.01724935725071297,0.0096106255581343,-0.022983612317589608,Stagflation
2008-07-01,219.016,99.676,0.054975120783418374,-0.019585471027037116,0.01593751102353025,-0.012157794692288948,Stagflation
2008-08-01,218.69,98.1111,0.053080171620912386,-0.036832804845724265,0.012196033389672456,-0.02244971853737654,Stagflation
2008-09-01,218.877,93.7895,0.04953319875136075,-0.08130031129578574,0.00017353769188210855,-0.06405095404507277,Stagflation
2008-10-01,216.995,94.7219,0.03731057889956513,-0.06954317961916079,-0.017664541883853246,-0.04995770859212367,Deflation
2008-11-01,213.153,93.4715,0.010999174706166848,-0.08669827230747884,-0.04208099691474554,-0.049865467461754576,Deflation
2008-12-01,211.398,90.8357,-0.0002222800255385904,-0.11276192783181926,-0.04975547877689934,-0.03146161653603352,Deflation
2009-01-01,211.933,88.57,-0.0011358601902212717,-0.13374567704176643,-0.0384464390897864,-0.06420249742260564,Deflation
2009-02-01,212.705,88.031,8.463140671510772e-05,-0.13562730377303278,-0.01091454329945174,-0.04892903146555394,Deflation
2009-03-01,212.495,86.6528,-0.004464787676623838,-0.14656035046526472,-0.004242507651085248,-0.03379842263344546,Deflation
2009-04-01,212.709,85.9344,-0.005763244243767063,-0.1481395936696125,-0.004627384053545791,-0.01439391662784606,Deflation
2009-05-01,213.022,85.0665,-0.01015761495855172,-0.15160361194166794,-0.010242246365266827,-0.015976308168635156,Deflation
2009-06-01,214.79,84.7459,-0.012291746182109153,-0.15282480369076357,-0.007826958505485315,-0.006264453225498845,Deflation
2009-07-01,214.726,85.7027,-0.01958761003762277,-0.14018720654921957,-0.013824365793855709,0.007952387120392923,Goldilocks
2009-08-01,215.445,86.6426,-0.014838355663267633,-0.11689299172061052,-0.004680740704715913,0.03471062022105742,Goldilocks
2009-09-01,215.861,87.4063,-0.01377942862886472,-0.06805879122929537,-0.0014876824467555672,0.0847660124614682,Goldilocks
2009-10-01,216.509,87.6419,-0.002239682942003385,-0.07474512230012276,0.017347927095619387,0.06544208424909681,Reflation
2009-11-01,217.234,88.0221,0.019145871744709275,-0.0583001235670767,0.03398422740797691,0.05859286815353382,Reflation
2009-12-01,217.347,88.3793,0.028141231232083674,-0.02704223119324234,0.041920659860948395,0.04101656003605303,Reflation
2010-01-01,217.488,89.3426,0.026211113889767157,0.0087230439200634,0.028450796831770542,0.08346816622018616,Reflation
2010-02-01,217.281,89.6779,0.02151336357866529,0.018708182344855606,0.0023674918339560147,0.0770083059119323,Reflation
2010-03-01,217.353,90.2928,0.022861714393279886,0.04200672107537207,-0.005279516838803788,0.0690489522686144,Goldilocks
2010-04-01,217.403,90.5991,0.022067707525304403,0.054282103558062955,-0.004143406364462754,0.045559059637999555,Goldilocks
2010-05-01,217.29,91.823,0.020035489292185682,0.0794260960542632,-0.001477874286479608,0.0607179137094076,Goldilocks
2010-06-01,217.199,91.9928,0.011215605940686268,0.08551328146848403,-0.011646108452593618,0.04350656039311196,Goldilocks
2010-07-01,217.605,92.3421,0.013407784804821077,0.07747013804699288,-0.008659922720483326,0.02318803448892992,Goldilocks
2010-08-01,217.923,92.6805,0.011501775395112546,0.06968742858593813,-0.008533713897073136,-0.00973866746832508,Deflation
2010-09-01,218.275,92.9537,0.011183122472331775,0.06346682104150392,-3.2483468354493894e-05,-0.022046460426980108,Deflation
2010-10-01,219.035,92.6903,0.011666951489314625,0.05760258506490601,-0.0017408333155064515,-0.019867552982086867,Deflation
2010-11-01,219.59,92.7709,0.01084544776600338,0.0539500875348351,-0.0006563276291091658,-0.015737341051103027,Deflation
2010-12-01,220.472,93.6787,0.01437793022217937,0.05996200467756596,0.0031948077498475946,-0.003504816363937957,Stagflation
2011-01-01,221.187,93.4814,0.017007834915029774,0.04632504538708293,0.005340883425715148,-0.011277539677823079,Stagflation
2011-02-01,221.898,93.1102,0.02124898173333145,0.03827364378514675,0.010403533967328071,-0.01567644374968835,Stagflation
2011-03-01,223.046,94.0788,0.02619241510354109,0.04193025357503588,0.01181448488136172,-0.01803175110253008,Stagflation
2011-04-01,224.093,93.7749,0.030772344447868694,0.03505332834432129,0.01376450953283892,-0.011271717042761642,Stagflation
2011-05-01,224.806,93.888,0.034589718808965,0.02248891889831528,0.013340737075633546,-0.01578472488683147,Stagflation
2011-06-01,224.806,94.172,0.03502318150636041,0.023688810428642126,0.008830766402819323,-0.018241443146393754,Stagflation
2011-07-01,225.395,94.636,0.035798809769996165,0.02484132372991299,0.005026465322127471,-0.010212004614408299,Stagflation
2011-08-01,226.106,95.2749,0.0375499603070808,0.027992943499441703,0.002960241498115801,0.005504024601126423,Reflation
2011-09-01,226.597,95.1961,0.03812621692818685,0.024123837996766095,0.003103035421826439,0.00043502756812396903,Reflation
2011-10-01,226.75,95.8568,0.035222681306640524,0.03416215073206175,-0.0005761284633556407,0.009320827002148757,Goldilocks
2011-11-01,227.169,95.8485,0.03451432214581729,0.03317419578768788,-0.0030356381612635097,0.005181252288246174,Goldilocks
2011-12-01,227.223,96.3571,0.03062066838419386,0.02859134467066693,-0.00750554854399299,0.004467506673900834,Goldilocks
2012-01-01,227.842,96.9318,0.030087663379855023,0.03691001632410296,-0.005135017926785501,0.00274786559204121,Goldilocks
2012-02-01,228.329,97.2435,0.028981784423473878,0.04439148449901298,-0.005532537722343411,0.011217288711325102,Goldilocks
2012-03-01,228.807,96.74,0.025828752813320977,0.028286925428470555,-0.0047919155708728844,-0.0003044192421963743,Deflation
2012-04-01,229.187,97.4359,0.022731633741348567,0.0390402975636337,-0.007356029638506456,0.0021302812395307402,Goldilocks
2012-05-01,228.713,97.6609,0.01737942937466075,0.040185114178595605,-0.011602355048813129,-0.004206370320417374,Deflation
2012-06-01,228.524,97.6663,0.01653870448297634,0.037105509068513065,-0.009290048330344636,0.00881858364004251,Goldilocks
2012-07-01,228.59,97.8713,0.014175114798464783,0.03418677881567289,-0.008556518942883784,-0.0048535187479608055,Deflation
2012-08-01,229.918,97.4525,0.016859349154821235,0.02285596731143258,-0.0005200802198395138,-0.017329146867163026,Deflation
2012-09-01,231.015,97.381,0.019497168982819613,0.022951570495009843,0.002958464499843272,-0.014153938573503222,Stagflation
2012-10-01,231.638,97.7193,0.021556780595369363,0.019430024786973865,0.00738166579690458,-0.014756754028699026,Stagflation
2012-11-01,231.249,98.0777,0.017960197033926262,0.023257536633332743,0.001100847879105027,0.0004015693219001637,Reflation
2012-12-01,231.221,98.3101,0.017595049796895523,0.020268355938483085,-0.0019021191859240894,-0.0026832145565267584,Deflation
2013-01-01,231.679,98.3342,0.01684061762098299,0.014467904237824847,-0.004716162974386373,-0.004962120549149018,Deflation
2013-02-01,232.937,98.7941,0.020181404902574807,0.015945538776370727,0.002221207868648545,-0.007311997856962016,Stagflation
2013-03-01,232.282,99.1921,0.015187472411246183,0.02534732272069462,-0.00240757738564934,0.005078966782211536,Goldilocks
2013-04-01,231.797,99.1065,0.01138808047576867,0.017145631127746475,-0.00545253714521432,0.0026777268899216278,Goldilocks
2013-05-01,231.893,99.1839,0.013903888279197085,0.015594777439077445,-0.006277516623377721,-0.00035076133729328163,Deflation
2013-06-01,232.445,99.3897,0.017157935271568725,0.017645800035426706,0.0019704628603225416,-0.007701522685267914,Stagflation
2013-07-01,232.9,99.0814,0.01885471805415806,0.012364196654177428,0.00746663757838939,-0.004781434473569046,Stagflation
2013-08-01,233.456,99.6543,0.01538809488600279,0.022593571227008002,0.0014842066068057047,0.006998793787930557,Reflation
2013-09-01,233.544,100.161,0.010947341081747997,0.02854766330187619,-0.006210594189820728,0.010901863266449485,Goldilocks
2013-10-01,233.669,100.082,0.00876799143491147,0.024178437626957816,-0.010086726619246589,0.011814240972780388,Goldilocks
2013-11-01,234.1,100.3158,0.012328701961954458,0.02281966236973343,-0.003059392924048332,0.0002260911427254264,Goldilocks
2013-12-01,234.719,100.5175,0.015128383667573297,0.02245344069429267,0.004181042585825301,-0.0060942226075835215,Stagflation
2014-01-01,235.288,100.1599,0.01557758795574915,0.01856627704298197,0.00680959652083768,-0.005612160583975845,Stagflation
2014-02-01,235.547,100.9168,0.011204746347724948,0.02148610089064018,-0.0011239556142295104,-0.0013335614790932482,Deflation
2014-03-01,236.028,101.8942,0.016126949139408042,0.02724108069090181,0.0009985654718347448,0.004787639996609139,Reflation
2014-04-01,236.468,101.9928,0.02015125303606169,0.029123215934373725,0.004573665080312539,0.010556938891391754,Reflation
2014-05-01,236.918,102.3836,0.02166947687079812,0.03226027611336124,0.010464730523073174,0.01077417522272106,Reflation
2014-06-01,237.231,102.735,0.020589816945944195,0.03365841732090935,0.004462867806536153,0.006417336630007542,Reflation
2014-07-01,237.498,102.9632,0.019742378703305974,0.03917788807990186,-0.0004088743327557154,0.010054672145528132,Goldilocks
2014-08-01,237.46,102.7688,0.017150983482969062,0.031253041765382905,-0.004518493387829059,-0.0010072343479783363,Deflation
2014-09-01,237.477,103.0641,0.016840509711232077,0.0289843352202952,-0.003749307234712118,-0.004674082100614152,Deflation
2014-10-01,237.43,103.0764,0.016095417021513292,0.029919466037849007,-0.003646961681792682,-0.00925842204205285,Deflation
2014-11-01,236.983,103.7126,0.01231524989320798,0.0338610667511996,-0.004835733589761082,0.0026080249858166926,Goldilocks
2014-12-01,236.252,103.7044,0.006531213919623191,0.03170492700276073,-0.010309295791608886,0.0027205917824655312,Goldilocks
2015-01-01,234.747,102.8905,-0.002299309782054282,0.027262407410550527,-0.018394726803567574,-0.002657058627298481,Deflation
2015-02-01,235.342,102.2335,-0.0008703146293520536,0.0130473816054415,-0.013185564522560034,-0.0208136851457581,Deflation
2015-03-01,235.976,101.8914,-0.00022031284423873476,-2.7479483621140055e-05,-0.006751526763861926,-0.03173240648638187,Deflation
2015-04-01,236.222,101.3355,-0.0010403098939391064,-0.0064445725580629665,0.0012589998881151754,-0.03370697996861349,Stagflation
2015-05-01,237.001,100.8883,0.0003503321824429584,-0.01460487812501221,0.001220646811795012,-0.02765225973045371,Stagflation
2015-06-01,237.657,100.571,0.001795718097550525,-0.021063902272837942,0.0020160309417892597,-0.021036422789216802,Stagflation
2015-07-01,238.034,101.2228,0.0022568611104094582,-0.016903126553953207,0.0032971710043485647,-0.01045855399589024,Stagflation
2015-08-01,238.033,101.0367,0.002413037985344868,-0.016854337113987983,0.0020627058029019096,-0.002249458988975772,Stagflation
2015-09-01,237.498,100.7547,8.842961634170088e-05,-0.022407414414912674,-0.001707288481208824,-0.001343512142074732,Deflation
2015-10-01,237.733,100.2675,0.0012761656067050708,-0.027250660674994598,-0.0009806955037043874,-0.01034753412104139,Deflation
2015-11-01,238.017,99.5298,0.004363182169185187,-0.04033068306068888,0.0019501441838403188,-0.023476345946700894,Stagflation
2015-12-01,237.761,99.0417,0.006387247515364791,-0.04496144811599123,0.00629881789902309,-0.022554033701078557,Stagflation
2016-01-01,237.652,99.5607,0.012375025026943876,-0.03236256019749162,0.011098859420238805,-0.005111899522497021,Stagflation
2016-02-01,237.336,99.0445,0.008472775790126619,-0.031193297695960798,0.004109593620941432,0.009137385364728079,Reflation
2016-03-01,238.08,98.3096,0.008916160965521946,-0.03515311400177057,0.0025289134501571553,0.009808334114220663,Reflation
2016-04-01,238.992,98.6421,0.011726257503534843,-0.026579036961380753,-0.0006487675234090329,0.005783523236110866,Goldilocks
2016-05-01,239.557,98.4184,0.010784764621246223,-0.02448153056399993,0.0023119888311196046,0.006711767131960866,Reflation
2016-06-01,240.222,98.8833,0.010792865347959424,-0.01678117946525337,0.0018767043824374774,0.018371934536517198,Reflation
2016-07-01,240.101,98.9992,0.008683633430518256,-0.02196738284260069,-0.0030426240730165866,0.004611654118780062,Goldilocks
2016-08-01,240.545,98.85,0.010553158595656864,-0.02164263084601936,-0.00023160602558935928,0.0028388997179805697,Goldilocks
2016-09-01,241.176,98.7457,0.015486446201652182,-0.019939516469206886,0.004693580853692758,-0.0031583370039535152,Stagflation
2016-10-01,241.741,98.7611,0.01685924966243646,-0.015023811304759715,0.008175616231918204,0.006943571537840976,Reflation
2016-11-01,242.026,98.3491,0.016843334719788938,-0.011862778785850958,0.006290176124132074,0.009779852060168404,Reflation
2016-12-01,242.637,99.0214,0.020507989115119862,-0.0002049641716570516,0.00502154291346768,0.019734552297549834,Reflation
2017-01-01,243.618,98.7611,0.025103933482571117,-0.008031281419274894,0.008244683820134657,0.006992529885484822,Reflation
2017-02-01,244.006,98.3646,0.028103616813294208,-0.006864591168616152,0.01126028209350527,0.004998187617234806,Reflation
2017-03-01,243.892,99.0137,0.0244119623655914,0.007162067590550603,0.0039039732504715374,0.007367031762207654,Reflation
2017-04-01,244.193,100.0224,0.02176223471915395,0.013993011097695573,-0.003341698763417167,0.022024292516970467,Goldilocks
2017-05-01,244.004,100.1408,0.018563431667619756,0.017500792534729248,-0.009540185145674451,0.0243653837033454,Goldilocks
2017-06-01,244.163,100.3471,0.01640565809959127,0.014803308546539107,-0.00800630426600013,0.007641240955988504,Goldilocks
2017-07-01,244.243,100.1068,0.017251073506566073,0.011187969195710634,-0.0045111612125878775,-0.0028050419019849393,Deflation
2017-08-01,245.183,99.6925,0.0192812155729698,0.008523014668689877,0.0007177839053500445,-0.008977777866039371,Stagflation
2017-09-01,246.435,99.7954,0.021805652303711787,0.010630336308315114,0.005399994204120517,-0.004172972238223993,Stagflation
2017-10-01,246.626,101.0247,0.02020757753132485,0.022919955326540453,0.002956504024758777,0.011731986130829819,Reflation
2017-11-01,247.284,101.2664,0.02172493864295566,0.029662701539719283,0.002443723069985859,0.021139686871029406,Reflation
2017-12-01,247.805,101.4644,0.021299307195522532,0.02467143465957866,-0.0005063451081892545,0.014041098351263548,Goldilocks
2018-01-01,248.859,101.4625,0.02151318868063945,0.027352874765469437,0.0013056111493146005,0.004432919438928984,Reflation
2018-02-01,249.529,101.7085,0.02263468931091861,0.033994953469032696,0.0009097506679629497,0.004332251929313413,Reflation
2018-03-01,249.577,102.2067,0.023309497646499366,0.03224806264183644,0.0020101904509768342,0.0075766279822577776,Reflation
2018-04-01,250.227,103.3329,0.024709963021052994,0.03309758614070435,0.003196774340413544,0.005744711375234912,Reflation
2018-05-01,250.792,102.4024,0.02781921607842497,0.022584201444366236,0.005184526767506359,-0.01141075202466646,Stagflation
2018-06-01,251.018,103.198,0.028075506935940187,0.028410387544831828,0.00476600928944082,-0.0038376750970046114,Stagflation
2018-07-01,251.214,103.3646,0.02854124785561929,0.032543243815604805,0.0038312848345662953,-0.0005543423250995438,Stagflation
2018-08-01,251.663,104.0327,0.026429238568742575,0.04353587280888749,-0.001389977509682394,0.02095167136452125,Goldilocks
2018-09-01,252.182,104.1004,0.02332055105808828,0.04313826088176409,-0.004754955877851907,0.014727873336932262,Goldilocks
2018-10-01,252.772,103.9856,0.02492032470218053,0.02930867401734427,-0.00362092315343876,-0.0032345697982605337,Deflation
2018-11-01,252.594,104.0681,0.02147328577667773,0.027666629800210174,-0.004955952792064844,-0.015869243008677314,Deflation
2018-12-01,252.767,104.0936,0.020023809043401064,0.025912536810940523,-0.003296742014687215,-0.017225724070823567,Deflation
2019-01-01,252.561,103.4021,0.014875893578291333,0.01911642232351851,-0.010044431123889197,-0.01019225169382576,Deflation
2019-02-01,253.319,102.8371,0.015188615351321877,0.011096417703535089,-0.006284670425355854,-0.016570212096675085,Deflation
2019-03-01,254.277,102.8757,0.018831863513063984,0.006545559146318158,-0.0011919455303370796,-0.019366977664622365,Deflation
2019-04-01,255.233,102.274,0.020005834702090608,-0.010247462328067725,0.005129941123799275,-0.029363884651586236,Stagflation
2019-05-01,255.296,102.392,0.017959105553606136,-0.00010156011968476264,0.0027704902022842592,-0.011197977823219851,Stagflation
2019-06-01,255.213,102.4375,0.01671194894390049,-0.0073693288629623765,-0.0021199145691634946,-0.013914888009280535,Deflation
2019-07-01,255.802,101.9408,0.01826331335037068,-0.013774541767684445,-0.0017425213517199278,-0.0035270794396167204,Deflation
2019-08-01,256.036,102.639,0.017376412106666406,-0.013396749291328724,-0.0005826934469397305,-0.013295189171643962,Deflation
2019-09-01,256.43,102.2917,0.016844977040391562,-0.01737457300836487,0.0001330280964910724,-0.010005244145402492,Stagflation
2019-10-01,257.155,101.4281,0.017339736996186295,-0.024594751580988228,-0.0009235763541843856,-0.010820209813303783,Deflation
2019-11-01,257.879,101.9372,0.020922903948629168,-0.02047601522464615,0.0035464918419627622,-0.007079265933317425,Stagflation
2019-12-01,258.63,101.7003,0.023195274699624457,-0.022991807373363926,0.006350297659232895,-0.0056172343649990575,Stagflation
2020-01-01,259.127,101.0338,0.02599767976845202,-0.02290379015513233,0.008657942772265725,0.001690961425855897,Reflation
2020-02-01,259.25,101.3735,0.023413166797595197,-0.014232217750208775,0.0024902628489660295,0.006243797474437374,Reflation
2020-03-01,258.076,97.4078,0.014940399642909163,-0.053150549643890654,-0.008254875056715294,-0.03015874227052673,Deflation
2020-04-01,256.032,84.5619,0.003130472940411133,-0.17318282261376305,-0.022867206828040887,-0.15027903245863072,Deflation
2020-05-01,255.802,85.9604,0.001982013035848551,-0.1604773810453941,-0.021431153761746646,-0.14624516329518533,Deflation
2020-06-01,257.042,91.5934,0.007166562831830481,-0.10586064673581452,-0.007773836811078683,-0.05271009709192387,Deflation
2020-07-01,258.352,95.0256,0.009968647625897997,-0.06783544959427434,0.006838174685486864,0.10534737301948871,Reflation
2020-08-01,259.316,95.9549,0.012810698495523853,-0.06512241935326724,0.010828685459675302,0.09535496169212687,Reflation
2020-09-01,259.997,95.9669,0.013910228912373812,-0.061831018547937044,0.006743666080543331,0.04402962818787748,Reflation
2020-10-01,260.319,96.7394,0.012303863428671624,-0.04622683457542831,0.002335215802773627,0.021608615018846034,Reflation
2020-11-01,260.911,97.0816,0.011757452138405844,-0.04763324870606622,-0.0010532463571180095,0.017489170647201013,Goldilocks
2020-12-01,262.045,98.363,0.013204191315779434,-0.0328150457766595,-0.0007060375965943777,0.029015972771277543,Goldilocks
2021-01-01,262.639,98.8822,0.013553199782346148,-0.021295843569181794,0.001249336353674524,0.024930991006246517,Reflation
2021-02-01,263.573,95.6149,0.01667502410800381,-0.056805772711803426,0.004917571969597967,-0.009172524005737204,Stagflation
2021-03-01,264.847,98.3856,0.02623645747764214,0.010038210492383515,0.013032266161862704,0.042853256269043016,Reflation
2021-04-01,266.625,98.5587,0.04137373453318349,0.1655213518144698,0.027820534750837345,0.1868171953836516,Reflation
2021-05-01,268.404,99.4333,0.049264665639830785,0.15673379835366053,0.032589641531826974,0.21353957106546395,Reflation
2021-06-01,270.71,99.7987,0.05317418943207719,0.08958396565691418,0.02693773195443505,0.07954575516453066,Reflation
2021-07-01,271.965,100.2519,0.05269167647240969,0.054998863464161385,0.011317941939226195,-0.11052248835030842,Stagflation
2021-08-01,272.752,100.0437,0.05181323173271246,0.04261168528131454,0.0025485660928816767,-0.11412211307234599,Stagflation
2021-09-01,273.942,98.8579,0.05363523425270289,0.030124970172007215,0.00046104482062570007,-0.05945899548490696,Stagflation
2021-10-01,276.528,100.1861,0.06226591220771449,0.03562870970876397,0.009574235735304804,-0.019370153755397412,Stagflation
2021-11-01,278.824,100.8654,0.06865559520296194,0.03897545981936834,0.016842363470249477,-0.0036362254619461964,Stagflation
2021-12-01,280.806,100.5726,0.07159457345112474,0.022463731281071153,0.017959339198421853,-0.007661238890936062,Stagflation
2022-01-01,282.542,100.1856,0.07578082463000535,0.013181341030033655,0.013514912422290859,-0.022447368678730317,Stagflation
2022-02-01,284.525,100.8064,0.07949220898953979,0.05429593086433182,0.010836613786577853,0.01532047104496348,Reflation
2022-03-01,287.467,101.3907,0.08540780148538585,0.030544104015221674,0.013813228034261105,0.00808037273415052,Reflation
2022-04-01,288.582,101.44,0.08235161744022501,0.029234354755085068,0.006570792810219661,0.016053013725051413,Reflation
2022-05-01,291.299,101.3335,0.08530051713089226,0.019110298059100916,0.0058083081413524695,-0.035185632805230904,Stagflation
2022-06-01,295.072,101.018,0.08999298141923107,0.012217594016755706,0.004585179933845218,-0.018326509998465967,Stagflation
2022-07-01,294.94,101.223,0.08447778206754553,0.00968659945597028,0.002126164627320515,-0.01954775529911479,Stagflation
2022-08-01,295.162,101.0963,0.08216255059541266,0.010521402147261716,-0.003137966535479597,-0.0085888959118392,Deflation
2022-09-01,296.421,101.2918,0.08205751582451759,0.024620187157526008,-0.007935465594713476,0.012402593140770302,Goldilocks
2022-10-01,297.979,101.2529,0.07757261470809462,0.010648183730078253,-0.006905167359450903,0.0009615842741079739,Goldilocks
2022-11-01,298.708,100.9552,0.0713138036897829,0.0008902953837490735,-0.010848746905629758,-0.009631106763512642,Deflation
2022-12-01,298.808,99.7664,0.06410831677385809,-0.008016099812473643,-0.017949199050659503,-0.03263628696999965,Deflation
2023-01-01,300.456,100.505,0.06340296309929161,0.003188082918103907,-0.014169651608803013,-0.007460100811974346,Deflation
2023-02-01,301.476,100.6416,0.05957648712766894,-0.001634816837026265,-0.011737316562113964,-0.0025251122207753385,Deflation
2023-03-01,301.643,101.0205,0.04931348641757127,-0.0036512224493961964,-0.014794830356286814,0.004364877363077446,Goldilocks
2023-04-01,302.858,101.253,0.049469474880623254,-0.001843454258675048,-0.013933488218668355,-0.005031537176778955,Deflation
2023-05-01,303.316,100.9286,0.04125314539356473,-0.003995717112307395,-0.018323341734104215,-0.0023609002752811303,Deflation
2023-06-01,304.099,100.1196,0.030592533347792994,-0.008893464531073647,-0.01872095306977828,-0.005242242081677451,Deflation
2023-07-01,304.615,100.9067,0.0328032820234625,-0.0031247838929887584,-0.016666192857160755,-0.0012813296343137104,Deflation
2023-08-01,306.138,100.8393,0.037186358677607556,-0.0025421306219911566,-0.004066786715957171,0.0014535864903162388,Goldilocks
2023-09-01,307.374,101.0211,0.03695082332223443,-0.002672476942852109,0.006358289974441433,0.006220987588221538,Reflation
2023-10-01,307.653,100.4689,0.03246537507676717,-0.007742988102069082,-0.00033790694669533217,-0.004618204209080323,Deflation
2023-11-01,308.087,100.8639,0.03139855644977696,-0.0009043615385835313,-0.005787802227830596,0.0016377690834076253,Goldilocks
2023-12-01,308.735,100.6031,0.03322200208829762,0.008386591076755323,-0.0037288212339368076,0.011059068019607432,Goldilocks
2024-01-01,309.794,99.2223,0.031079425939238847,-0.012762549126908995,-0.0013859491375283195,-0.005019561024839914,Deflation
2024-02-01,311.022,100.285,0.0316642120765831,-0.003543266402759926,0.0002656556268061383,-0.0026389048641763946,Stagflation
2024-03-01,312.107,100.4575,0.034690014354717524,-0.00557312624665296,0.0014680122664199047,-0.013959717323408283,Stagflation
2024-04-01,313.016,100.2434,0.033540471111874304,-0.009971062585799939,0.0024610451726354565,0.002791486541109056,Reflation
2024-05-01,313.14,100.863,0.03238866396761142,-0.0006499644303002983,0.0007244518910283215,0.0028933019724596276,Reflation
2024-06-01,313.131,100.894,0.029700853998204435,0.007734749239909133,-0.004989160356513089,0.013307875486562093,Goldilocks
2024-07-01,313.566,99.9757,0.029384633061405374,-0.009226344732312097,-0.00415583805046893,0.0007447178534878418,Goldilocks
2024-08-01,314.131,100.4309,0.026109140322338353,-0.004050008280501727,-0.006279523645273066,-0.0034000438502014285,Deflation
2024-09-01,314.851,99.8084,0.02432541464144644,-0.012004422838397089,-0.005375439356757994,-0.019739172078306222,Deflation
2024-10-01,315.564,99.4695,0.025714034967967203,-0.009947356843759692,-0.003670598093438171,-0.0007210121114475943,Deflation
2024-11-01,316.449,99.2925,0.027141684004842848,-0.015579409481489392,0.0010325436825044942,-0.011529401200987666,Stagflation
2024-12-01,317.603,100.3273,0.02872366268806581,-0.0027414662172438042,0.0043982480466193685,0.009262956621153284,Reflation
2025-01-01,319.086,100.0647,0.029994125128311122,0.00849002693950851,0.004280090160343919,0.018437383783268202,Reflation
2025-02-01,319.775,101.0993,0.028142703731568686,0.008119858403550007,0.001001019726725838,0.0236992678850394,Reflation
2025-03-01,319.615,101.0404,0.024055852640280317,0.005802453773984029,-0.004667810047785492,0.008543919991227833,Goldilocks
2025-04-01,320.321,101.1279,0.023337465177498906,0.008823523543694645,-0.006656659950812216,0.00033349660418613425,Goldilocks
2025-05-01,320.58,100.9655,0.023759340869898393,0.0010162299356553106,-0.004383362861670292,-0.007103628467894696,Deflation
2025-06-01,321.5,101.4785,0.026726833178446263,0.005793208714095943,0.0026709805381659457,-9.24505988808555e-06,Stagflation
2025-07-01,322.132,101.8738,0.027318012794754543,0.018985613504081567,0.0039805476172556364,0.010162089960386922,Reflation
2025-08-01,323.364,101.6019,0.029392196249335534,0.011659758102336992,0.0056328553794371405,0.010643528166681682,Reflation
2025-09-01,324.368,101.6729,0.03022699626172387,0.018680792398234836,0.0035001630832776076,0.012887583684138892,Reflation
2025-11-01,325.031,101.7935,0.027119693852721838,0.025188206561421955,-0.002272502396613696,0.013528448459084963,Goldilocks
